Comment,Designator,Footprint,LCSC Part #
100 nF Unpolarized capacitor,"C2,C3,C4",C_0603_1608Metric,C14663
"2N7002 0.115A Id, 60V Vds, N-Channel MOSFET, SOT-23","Q1,Q2,Q3,Q4,Q5",SOT-23,C8545
4K7 Ω Resistor,"R1,R2,R3",C_0603_1608Metric,C23162
47K Ω Resistor,"R4,R5,R9,R11,R12,R13",C_0603_1608Metric,C25819
470 Ω Resistor,"R6,R7,R14",C_0603_1608Metric,C23179
100 Ω Resistor,"R8,R10,R16",C_0603_1608Metric,C22775
10k Ω Resistor,"R15,R17,R19,R20",R_0603_1608Metric,C25804
220 Ω Resistor,R18,C_0603_1608Metric,C22962
